{"cameraMode":{"drawMode":0,"name":"Shaded","section":"Shading Mode"},"sceneLighting":true,"audioPlay":false,"sceneViewState":{"showFog":true,"showMaterialUpdate":false,"showSkybox":true,"showFlares":true,"showImageEffects":true,"showParticleSystems":true,"showVisualEffectGraphs":true,"m_FxEnabled":true},"in2DMode":false,"pivot":{"x":-20.322856903076173,"y":1.0229339599609376,"z":26.684188842773439},"rotation":{"x":0.11937122792005539,"y":-0.8806121945381165,"z":0.32726311683654787,"w":0.3212440013885498},"size":7.091206073760986,"orthographic":false}