{"cameraMode":{"drawMode":0,"name":"Shaded","section":"Shading Mode"},"sceneLighting":false,"audioPlay":false,"sceneViewState":{"showFog":true,"showMaterialUpdate":false,"showSkybox":false,"showFlares":true,"showImageEffects":true,"showParticleSystems":true},"in2DMode":false,"pivot":{"x":255.42477416992188,"y":2.825814723968506,"z":393.84442138671877},"rotation":{"x":0.010021919384598732,"y":0.7177652716636658,"z":-0.010336681269109249,"w":0.6961472034454346},"size":1.3520398139953614,"orthographic":false}