{"cameraMode":{"drawMode":0,"name":"Shaded","section":"Shading Mode"},"sceneLighting":true,"audioPlay":false,"sceneViewState":{"showFog":true,"showMaterialUpdate":false,"showSkybox":true,"showFlares":true,"showImageEffects":true,"showParticleSystems":true},"in2DMode":false,"pivot":{"x":180.4092559814453,"y":89.54609680175781,"z":382.99542236328127},"rotation":{"x":-0.2866663634777069,"y":-0.6389188170433044,"z":0.2787010669708252,"w":-0.6572339534759522},"size":0.5614877939224243,"orthographic":false}