{"cameraMode":{"drawMode":0,"name":"Shaded","section":"Shading Mode"},"sceneLighting":true,"audioPlay":false,"sceneViewState":{"showFog":true,"showMaterialUpdate":false,"showSkybox":true,"showFlares":true,"showImageEffects":true,"showParticleSystems":true},"in2DMode":false,"pivot":{"x":272.4731750488281,"y":5.653636932373047,"z":394.1351013183594},"rotation":{"x":0.04792817309498787,"y":-0.7082087993621826,"z":-0.048308856785297397,"w":-0.7027320861816406},"size":10.4300537109375,"orthographic":false}