{"cameraMode":{"drawMode":0,"name":"Shaded","section":"Shading Mode"},"sceneLighting":true,"audioPlay":false,"sceneViewState":{"showFog":true,"showMaterialUpdate":true,"showSkybox":true,"showFlares":true,"showImageEffects":true,"showParticleSystems":true},"in2DMode":false,"pivot":{"x":248.09048461914063,"y":-54.02812957763672,"z":121.57599639892578},"rotation":{"x":0.06055255979299545,"y":0.9383876919746399,"z":-0.26273852586746218,"w":0.21625269949436189},"size":68.67129516601563,"orthographic":false}