{"cameraMode":{"drawMode":0,"name":"Shaded","section":"Shading Mode"},"sceneLighting":true,"audioPlay":false,"sceneViewState":{"showFog":true,"showMaterialUpdate":false,"showSkybox":true,"showFlares":true,"showImageEffects":true,"showParticleSystems":true},"in2DMode":false,"pivot":{"x":56.984100341796878,"y":6.050278186798096,"z":20.15109634399414},"rotation":{"x":0.0011888769222423435,"y":0.05039122328162193,"z":0.000039824124542064965,"w":-0.9987435936927795},"size":3.5818252563476564,"orthographic":false}